[
  {
    "title": "Потолок: Демонтажные работы",
    "priceList": [
      {
        "typeService": "Очистка потолка от побелки, краски,водоэмульсионки",
        "units": "м2",
        "cost": "130"
      },
      {
        "typeService": "Очистка потолка от обоев",
        "units": "м2",
        "cost": "100"
      },
      {
        "typeService": "Разборка ПВХ ,МДФ панелей с потолка",
        "units": "м2",
        "cost": "170"
      },
      {
        "typeService": "Разборка потолка \"Armstrong\"",
        "units": "м2",
        "cost": "150"
      },
      {
        "typeService": "Разборка потолка \"Armstrong\" зеркальный",
        "units": "м2",
        "cost": "170"
      },
      {
        "typeService": "Разборка потолка из ГКЛ 1 уровневый",
        "units": "м2",
        "cost": "220"
      },
      {
        "typeService": "Разборка потолка из ГКЛ 2 уровневый",
        "units": "м2",
        "cost": "от 250"
      },
      {
        "typeService": "Разборка потолка из ГКЛ 3 уровневый",
        "units": "м2",
        "cost": "от 350"
      },
      {
        "typeService": "Разбивка потолочного руста",
        "units": "п.м",
        "cost": "90"
      },
      {
        "typeService": "Демонтаж реечного потолка",
        "units": "м2",
        "cost": "100"
      },
      {
        "typeService": "Демонтаж плинтуса потолочного",
        "units": "п.м",
        "cost": "40"
      },
      {
        "typeService": "Демонтаж клеевой плитки",
        "units": "м2",
        "cost": "90"
      },
      {
        "typeService": "Демонтаж шпаклевки с потолка",
        "units": "м2",
        "cost": "130"
      },
      {
        "typeService": "Очистка потолка от побелки, краски,водоэмульсионки",
        "units": "м2",
        "cost": "130"
      },
      {
        "typeService": "Очистка потолка от клеевой мастики",
        "units": "м2",
        "cost": "180"
      },
      {
        "typeService": "Демонтаж штукатурки с потолка",
        "units": "м2",
        "cost": "160"
      }
    ]
  },
  {
    "title": "Потолок: Монтажные работы",
    "priceList": [
      {
        "typeService": "Монтаж потолка (ГКЛ) 1 уровень",
        "units": "м2",
        "cost": "450"
      },
      {
        "typeService": "Монтаж потолка (ГКЛ) 2 уровень",
        "units": "м2",
        "cost": "600"
      },
      {
        "typeService": "Монтаж потолка (ГКЛ) 3 уровень и более",
        "units": "м2",
        "cost": "от 1000"
      },
      {
        "typeService": "Монтаж потолка\"Armstrong\"",
        "units": "м2",
        "cost": "300"
      },
      {
        "typeService": "Монтаж потолка\"Armstrong\"зеркальный\t",
        "units": "м2",
        "cost": "350"
      },
      {
        "typeService": "Монтаж потолка из ПВХ, МДФ панелей по металлокаркасу",
        "units": "м2",
        "cost": "350"
      },
      {
        "typeService": "Монтаж потолка из алюм.реек по металлокаркасу",
        "units": "м2",
        "cost": "350"
      },
      {
        "typeService": "Обшивка потолка вагонкой",
        "units": "м2",
        "cost": "450"
      },
      {
        "typeService": "Грунтовка потолка на 1 раз",
        "units": "м2",
        "cost": "30"
      },
      {
        "typeService": "Проклейка потолка армировочной сеткой",
        "units": "м2",
        "cost": "90"
      },
      {
        "typeService": "Выравнивание потолка до 3х см. (штукатурка)",
        "units": "м2",
        "cost": "380"
      },
      {
        "typeService": "Шпатлёвка потолка",
        "units": "м2",
        "cost": "120"
      },
      {
        "typeService": "Шпатлёвка потолка под покраску",
        "units": "м2",
        "cost": "210"
      },
      {
        "typeService": "Проклейка и замазка потолочного руста",
        "units": "п.м.",
        "cost": "150"
      },
      {
        "typeService": "Оклейка потолка обоями (флизилин, винил)",
        "units": "м2",
        "cost": "280"
      },
      {
        "typeService": "Оклейка потолка обоями (бумажные обои)",
        "units": "м2",
        "cost": "260"
      }
    ]
  },
  {
    "title": "Стены: Демонтажные работы",
    "priceList": [
      {
        "typeService": "Очистка стен от обоев",
        "units": "м2",
        "cost": "80"
      },
      {
        "typeService": "Демонтаж штукатурки со стен",
        "units": "м2",
        "cost": "120"
      },
      {
        "typeService": "Демонтаж плитки со стен",
        "units": "м2",
        "cost": "200"
      },
      {
        "typeService": "Демонтаж стен ( 1/2 кирпича)",
        "units": "м2",
        "cost": "550"
      },
      {
        "typeService": "Демонтаж стен (в кирпич)",
        "units": "м2",
        "cost": "600"
      },
      {
        "typeService": "Демонтаж бетонных перегородок толщиной до 12см",
        "units": "м2",
        "cost": "1200"
      },
      {
        "typeService": "Демонтаж перегородки (гипс, гипсолит)",
        "units": "м2",
        "cost": "400"
      },
      {
        "typeService": "Демонтаж листов ГКЛ",
        "units": "м2",
        "cost": "100"
      },
      {
        "typeService": "Разборка перегородки (ГКЛ)",
        "units": "м2",
        "cost": "200"
      },
      {
        "typeService": "Разборка перегородки (дерево)",
        "units": "м2",
        "cost": "190"
      },
      {
        "typeService": "Демонтаж перегородки в сан. узле (железобетон до 5см.)",
        "units": "м2",
        "cost": "1700"
      },
      {
        "typeService": "Демонтаж потолка в сан.узле (железобетон до 5см.)",
        "units": "м2",
        "cost": "2500"
      },
      {
        "typeService": "Разборка перегородки (ДВП)",
        "units": "м2",
        "cost": "200"
      },
      {
        "typeService": "Пробивка проема в стене (кирпич)",
        "units": "м2",
        "cost": "700"
      },
      {
        "typeService": "Пробивка проема в стене (1/2 кирпича)",
        "units": "м2",
        "cost": "600"
      },
      {
        "typeService": "Пробивка проема в стене (бетон)",
        "units": "м2",
        "cost": "1300"
      }
    ]
  },
  {
    "title": "Стены: Монтажные работы",
    "priceList": [
      {
        "typeService": "Штукатурка стен по маякам",
        "units": "м2",
        "cost": "320"
      },
      {
        "typeService": "Шпатлевка стен под обои",
        "units": "м2",
        "cost": "180"
      },
      {
        "typeService": "Шпатлевка стен под покраску",
        "units": "м2",
        "cost": "210"
      },
      {
        "typeService": "Шлифовка стен под обои",
        "units": "м2",
        "cost": "40"
      },
      {
        "typeService": "Шлифовка стен под покраску",
        "units": "м2",
        "cost": "70"
      },
      {
        "typeService": "Устройство перегородки из ГКЛ",
        "units": "м2",
        "cost": "450"
      },
      {
        "typeService": "Устройство перегородки из ГКЛ в 2 слоя",
        "units": "м2",
        "cost": "600"
      },
      {
        "typeService": "Монтаж стен из ГКЛ (ГВЛ) на клей",
        "units": "м2",
        "cost": "250"
      },
      {
        "typeService": "Монтаж фальшстены из ГКЛ по металлокаркасу",
        "units": "м2",
        "cost": "350"
      },
      {
        "typeService": "Монтаж фальшстены из ПВХ по металлокаркасу",
        "units": "м2",
        "cost": "300"
      },
      {
        "typeService": "Кладка перегородки в 1/2 кирпича",
        "units": "м2",
        "cost": "800"
      },
      {
        "typeService": "Кладка перегородки в кирпич",
        "units": "м2",
        "cost": "1000"
      },
      {
        "typeService": "Кладка перегородок из стеклоблоков",
        "units": "м2",
        "cost": "750"
      },
      {
        "typeService": "Кладка перегородок из гипсоблоков, пеноблоков",
        "units": "м2",
        "cost": "650"
      },
      {
        "typeService": "Кладка криволинейных перегородок из гипсоблоков, пеноблоков",
        "units": "м2",
        "cost": "1000"
      },
      {
        "typeService": "Покраска стен с помощью распылителя",
        "units": "м2",
        "cost": "150"
      }
    ]
  },
  {
    "title": "Муж на час",
    "priceList": [
      {
        "typeService": "Навес в бетон, кирпич, ГКЛ",
        "units": "шт",
        "cost": "80"
      },
      {
        "typeService": "Навес в кафельную плитку",
        "units": "шт",
        "cost": "100"
      },
      {
        "typeService": "Установка, навес зеркал в бетон, кирпич, ГКЛ",
        "units": "шт",
        "cost": "100"
      },
      {
        "typeService": "Установка, навес зеркал в кафельную плитку",
        "units": "шт",
        "cost": "120"
      },
      {
        "typeService": "Навес шкафчика",
        "units": "шт",
        "cost": "200"
      },
      {
        "typeService": "Навес сушилки для белья",
        "units": "шт",
        "cost": "300"
      },
      {
        "typeService": "Установка гардины, карниза на стену",
        "units": "шт",
        "cost": "130"
      },
      {
        "typeService": "Установка гардины, карниза на потолок\t",
        "units": "шт",
        "cost": "170"
      },
      {
        "typeService": "Установка жалюзи, римской шторы",
        "units": "шт",
        "cost": "500"
      },
      {
        "typeService": "Навес TV на стену",
        "units": "шт",
        "cost": "600"
      },
      {
        "typeService": "Мелкий бытовой ремонт не указанный в прайсе",
        "units": "час",
        "cost": "590"
      }
    ]
  },
  {
    "title": "Электромонтажные работы",
    "priceList": [
      {
        "typeService": "Демонтаж эл.точек (механизмы)",
        "units": "шт",
        "cost": "100"
      },
      {
        "typeService": "Демонтаж эл.точек (полностью)",
        "units": "шт",
        "cost": "250"
      },
      {
        "typeService": "Демонтаж светильника",
        "units": "шт",
        "cost": "150"
      },
      {
        "typeService": "Демонтаж старой проводки открытой",
        "units": "п.м.",
        "cost": "100"
      },
      {
        "typeService": "Демонтаж старой проводки закрытой",
        "units": "п.м.",
        "cost": "120"
      },
      {
        "typeService": "Демонтаж счетчика",
        "units": "шт",
        "cost": "500"
      },
      {
        "typeService": "Демонтаж автомата",
        "units": "шт",
        "cost": "50"
      },
      {
        "typeService": "Демонтаж трубки домофона",
        "units": "шт",
        "cost": "100"
      },
      {
        "typeService": "Демонтаж вентилятора",
        "units": "шт",
        "cost": "100"
      },
      {
        "typeService": "Демонтаж люстры",
        "units": "шт",
        "cost": "200"
      },
      {
        "typeService": "Демонтаж кабель-канала",
        "units": "п.м.",
        "cost": "40"
      },
      {
        "typeService": "Монтаж провода до 2,5 кв.мм. открыто",
        "units": "п.м.",
        "cost": "80"
      },
      {
        "typeService": "Монтаж провода от 3 до 6 кв.мм. открыто",
        "units": "п.м.",
        "cost": "80"
      },
      {
        "typeService": "Монтаж провода 5х6 открыто",
        "units": "п.м.",
        "cost": "80"
      },
      {
        "typeService": "Монтаж провода в гофре открыто",
        "units": "п.м.",
        "cost": "200"
      },
      {
        "typeService": "Монтаж эл.точек по бетону",
        "units": "шт",
        "cost": "400"
      }
    ]
  }
]